Index,Class
1,As
10,As
100,As
101,As
102,As
103,As
104,As
105,As
106,As
107,As
108,As
109,As
11,As
110,As
111,As
112,As
113,As
114,As
115,As
116,As
117,As
118,As
119,As
12,As
120,As
121,As
122,As
123,As
124,As
125,As
126,As
127,As
128,As
129,As
13,As
130,As
131,As
132,As
133,As
134,As
135,As
136,As
137,As
138,As
139,As
14,As
140,As
141,As
142,As
143,As
144,As
145,As
146,As
147,As
148,As
149,As
15,As
150,As
151,As
152,As
153,As
154,As
155,As
156,As
157,As
158,As
159,As
16,As
160,As
161,As
162,As
163,As
164,As
165,As
166,As
167,As
168,As
169,As
17,As
170,As
171,As
172,As
173,As
174,As
175,As
176,As
177,As
178,As
179,As
18,As
180,As
181,As
182,As
183,As
184,As
185,As
186,As
187,As
188,As
189,As
19,As
190,As
191,As
192,As
193,As
194,As
195,As
196,As
197,As
198,As
199,As
2,As
20,As
200,As
201,As
202,As
203,As
204,As
205,As
206,As
207,As
208,As
209,As
21,As
210,As
211,As
212,As
213,As
214,As
215,As
216,As
217,As
218,As
219,As
22,As
220,As
23,As
24,As
25,As
26,As
27,As
28,As
29,As
3,As
30,As
31,As
32,As
33,As
34,As
35,As
36,As
37,As
38,As
39,As
4,As
40,As
41,As
42,As
43,As
44,As
45,As
46,As
47,As
48,As
49,As
5,As
50,As
51,As
52,As
53,As
54,As
55,As
56,As
57,As
58,As
59,As
6,As
60,As
61,As
62,As
63,As
64,As
65,As
66,As
67,As
68,As
69,As
7,As
70,As
71,As
72,As
73,As
74,As
75,As
76,As
77,As
78,As
79,As
8,As
80,As
81,As
82,As
83,As
84,As
85,As
86,As
87,As
88,As
89,As
9,As
90,As
91,As
92,As
93,As
94,As
95,As
96,As
97,As
98,As
99,As
